{
  "model_version": "seller-serving-v2",
  "numeric_features": [
    "tenure_months",
    "entity_owner",
    "absentee",
    "log_market_value"
  ],
  "categorical_features": [
    "situs_zip5"
  ],
  "features": [
    "tenure_months",
    "entity_owner",
    "absentee",
    "log_market_value",
    "situs_zip5"
  ],
  "zip_categories": [
    "00000",
    "76574",
    "76721",
    "77835",
    "78167",
    "78521",
    "78574",
    "78610",
    "78612",
    "78613",
    "78615",
    "78616",
    "78617",
    "78619",
    "78620",
    "78621",
    "78628",
    "78634",
    "78640",
    "78641",
    "78642",
    "78645",
    "78652",
    "78653",
    "78654",
    "78660",
    "78663",
    "78664",
    "78669",
    "78681",
    "78699",
    "78701",
    "78702",
    "78703",
    "78704",
    "78705",
    "78715",
    "78719",
    "78721",
    "78722",
    "78723",
    "78724",
    "78725",
    "78726",
    "78727",
    "78728",
    "78729",
    "78730",
    "78731",
    "78732",
    "78733",
    "78734",
    "78735",
    "78736",
    "78737",
    "78738",
    "78739",
    "78741",
    "78742",
    "78744",
    "78745",
    "78746",
    "78747",
    "78748",
    "78749",
    "78750",
    "78751",
    "78752",
    "78753",
    "78754",
    "78756",
    "78757",
    "78758",
    "78759",
    "78764",
    "78860",
    "79613",
    "79739",
    "S7864",
    "UNK"
  ],
  "base_rate": 0.09281826428787421,
  "holdout_precision_at_top_decile": 0.17160568491079528,
  "holdout_lift": 1.8488353151979149
}