{
  "n_train": 264560,
  "n_test": 66140,
  "base_rate": 0.09281826428787421,
  "precision_at_top_decile": 0.18264287874206228,
  "lift_at_top_decile": 1.9677471900961068,
  "precision_at_top_5pct": 0.23162987602056245,
  "precision_at_top_1pct": 0.529500756429652,
  "roc_auc": 0.6088105283492601,
  "pr_auc": 0.18251255656937543,
  "individual_owner_base_rate": 0.08544807335837666,
  "individual_owner_precision_at_top_decile": 0.12893700787401574,
  "individual_owner_lift_at_top_decile": 1.5089516100994191,
  "decile_conversion": [
    0.18264287874206228,
    0.11445418808587844,
    0.10704566071968552,
    0.09555488358028424,
    0.08859993952222558,
    0.07801632899909283,
    0.0765043846386453,
    0.06607196855155731,
    0.0657695796794678,
    0.05352283035984276
  ],
  "best_iteration": 34,
  "feature_importance_gain": [
    [
      "hood_cd",
      38670.50973320007
    ],
    [
      "tenure_months",
      13378.047528743744
    ],
    [
      "age_years",
      10035.096410751343
    ],
    [
      "entity_owner",
      8814.264928817749
    ],
    [
      "absentee",
      5121.03114938736
    ],
    [
      "hood_n",
      4775.226108551025
    ],
    [
      "value_change_1yr",
      4754.986663341522
    ],
    [
      "situs_zip5",
      4626.508183479309
    ],
    [
      "land_share",
      2663.383617401123
    ],
    [
      "cap_ratio",
      2510.758819103241
    ],
    [
      "legal_acreage",
      2496.0464010238647
    ],
    [
      "log_market_value",
      2418.4072122573853
    ],
    [
      "hood_median_tenure",
      1591.7820315361023
    ],
    [
      "hood_turnover",
      1488.9728922843933
    ],
    [
      "hs_exempt",
      903.703996181488
    ],
    [
      "recent_owner_change",
      779.9777846336365
    ],
    [
      "out_of_state",
      573.5257706642151
    ],
    [
      "zip_turnover",
      392.5163869857788
    ],
    [
      "lost_homestead",
      379.5535488128662
    ],
    [
      "zip_median_tenure",
      363.6232976913452
    ],
    [
      "has_hs_cap",
      332.0317087173462
    ],
    [
      "ov65_exempt",
      301.5417194366455
    ],
    [
      "po_box_owner",
      225.59388160705566
    ],
    [
      "owner_mismatch",
      117.04336214065552
    ],
    [
      "gained_homestead",
      50.55503034591675
    ],
    [
      "dp_exempt",
      32.865139961242676
    ],
    [
      "has_tax_agent",
      7.231470108032227
    ],
    [
      "has_deed_dt",
      0.0
    ],
    [
      "has_deed_book",
      0.0
    ],
    [
      "arb_protest",
      0.0
    ],
    [
      "has_mortgage",
      0.0
    ],
    [
      "main_area",
      0.0
    ],
    [
      "value_per_sqft",
      0.0
    ]
  ]
}